penghasilan,tanggungan,pekerjaan,status_anak,dtks,sktm,tempat_tinggal,kelayakan
4519270,2,pegawai swasta,cerai,0,0,layak,0
5727208,3,pegawai swasta,piatu,1,1,layak,1
7658688,2,petani,yatim,0,1,layak,1
14169735,8,kuli bangunan,piatu,1,1,tidak layak,1
6119975,4,wiraswasta,piatu,0,0,layak,0
890070,5,nelayan,piatu,0,1,tidak layak,1
1488031,2,asn,lengkap,0,0,layak,0
5104392,6,pegawai swasta,piatu,1,1,tidak layak,1
8777800,2,tni/polri,lengkap,0,0,layak,0
4694653,5,wiraswasta,lengkap,0,1,layak,1
1500000,1,wiraswasta,lengkap,1,1,layak,1
13224525,10,ojek,cerai,1,1,tidak layak,1
1000000,3,buruh harian lepas,lengkap,1,1,layak,1
13707923,1,pegawai swasta,lengkap,1,0,layak,0
6433681,2,wiraswasta,cerai,0,0,tidak layak,0
7653551,2,pns,yatim,0,1,layak,1
1826938,4,nelayan,yatim,0,0,sangat tidak layak,1
2811405,1,pegawai swasta,lengkap,0,0,layak,0
12895617,9,ojek,piatu,1,1,tidak layak,1
5912404,4,ojek,yatim,0,1,layak,1
6778098,1,pns,lengkap,1,0,layak,0
7974412,3,pns,cerai,0,0,layak,0
4676357,2,ojek,piatu,1,0,tidak layak,1
9237447,1,pns,lengkap,0,0,tidak layak,0
1990148,1,pegawai swasta,lengkap,0,0,layak,0
1500000,4,buruh harian lepas,lengkap,1,1,layak,1
8684170,3,asn,lengkap,0,0,tidak layak,0
4134701,3,petani,lengkap,0,1,tidak layak,1
6222347,5,wiraswasta,lengkap,1,0,tidak layak,1
5979354,4,petani,cerai,1,1,layak,1
2500000,3,karyawan swasta,lengkap,1,1,layak,1
1931615,1,pegawai swasta,lengkap,0,0,layak,0
3038716,2,asn,lengkap,0,0,layak,0
5508164,4,wiraswasta,cerai,0,0,tidak layak,0
6066779,6,petani,yatim,1,0,layak,1
11550563,7,buruh harian lepas,yatim,1,1,tidak layak,1
14563561,3,wiraswasta,lengkap,1,1,layak,0
1600641,5,nelayan,piatu,0,0,tidak layak,1
11184643,9,ojek,cerai,1,1,tidak layak,1
7058713,4,buruh harian lepas,piatu,0,1,layak,1
5128219,3,petani,yatim,1,1,tidak layak,1
4219274,4,petani,cerai,1,1,layak,1
11792637,1,asn,lengkap,0,1,layak,0
6231777,4,wiraswasta,cerai,1,0,layak,1
2078605,1,pegawai swasta,lengkap,0,0,layak,0
1500000,1,petani,lengkap,1,1,layak,1
6116161,5,pns,piatu,1,0,layak,1
6024510,5,petani,piatu,0,0,tidak layak,0
6357784,6,pegawai swasta,piatu,1,1,tidak layak,1
4732979,5,petani,lengkap,0,1,tidak layak,1
4916700,4,pns,lengkap,1,1,layak,1
7825600,3,pns,piatu,1,1,layak,1
5213294,3,pegawai swasta,lengkap,0,0,tidak layak,0
2159762,2,pegawai swasta,lengkap,0,0,layak,0
4014556,2,buruh harian lepas,lengkap,1,1,tidak layak,1
1000000,2,petani,lengkap,1,1,layak,1
1539126,1,pegawai swasta,lengkap,0,0,layak,0
6319119,5,buruh harian lepas,yatim,1,0,layak,1
1991299,6,buruh,yatim piatu,0,0,tidak layak,1
16474692,7,buruh harian lepas,yatim,1,1,tidak layak,1
1708357,3,nelayan,yatim,0,0,tidak layak,1
4712385,2,pns,piatu,0,1,layak,1
17378974,9,petani,yatim,1,1,tidak layak,1
500000,2,irt,yatim,1,1,layak,1
6403471,2,pegawai swasta,piatu,0,1,layak,1
6965908,3,wiraswasta,lengkap,1,1,layak,0
5179903,2,ojek,piatu,1,1,tidak layak,1
1000000,3,petani,lengkap,1,1,layak,1
15129922,6,ojek,yatim,1,1,tidak layak,1
7361116,4,ojek,yatim,1,0,tidak layak,1
5491936,5,pns,yatim,0,0,layak,0
5966666,5,petani,yatim,1,1,layak,1
2037099,1,pns,lengkap,0,0,layak,0
739280,6,irt,yatim piatu,0,1,tidak layak,1
4549959,6,ojek,lengkap,0,0,tidak layak,1
8069042,2,wiraswasta,lengkap,1,1,layak,0
3000000,2,petani,lengkap,1,1,layak,1
7660331,5,buruh harian lepas,cerai,0,1,layak,1
2831949,2,pegawai swasta,lengkap,0,0,layak,0
18993206,7,ojek,piatu,1,1,tidak layak,1
1726075,5,buruh,yatim piatu,0,1,tidak layak,1
11844159,9,ojek,cerai,1,1,tidak layak,1
13269129,1,asn,lengkap,1,0,layak,0
2815379,1,pegawai swasta,lengkap,0,0,layak,0
1769448,2,pns,lengkap,0,0,layak,0
6046499,1,wiraswasta,lengkap,0,0,layak,0
11506571,1,wiraswasta,lengkap,0,0,layak,0
7828961,3,wiraswasta,cerai,0,0,layak,1
16736006,6,nelayan,piatu,1,1,tidak layak,1
11069830,2,wiraswasta,lengkap,0,0,layak,0
461043,6,petani,piatu,1,0,tidak layak,1
9757331,2,pegawai swasta,lengkap,0,0,layak,0
1196746,1,pegawai swasta,lengkap,0,0,layak,0
19086683,10,buruh harian lepas,yatim,1,1,tidak layak,1
8183813,9,petani,cerai,1,1,tidak layak,1
11627018,6,nelayan,yatim,1,1,tidak layak,1
13866035,1,asn,lengkap,0,0,tidak layak,0
6212325,1,pns,lengkap,0,0,layak,0
8721834,10,buruh harian lepas,yatim,1,1,tidak layak,1
6553982,6,pns,piatu,1,1,layak,1
13652515,10,nelayan,yatim,1,1,tidak layak,1
4354197,1,pegawai swasta,lengkap,0,0,layak,0
2088509,1,asn,lengkap,0,0,layak,0
5972059,2,wiraswasta,cerai,1,0,layak,1
7996376,3,pns,piatu,0,1,tidak layak,1
17350540,6,ojek,cerai,1,1,tidak layak,1
6213159,2,ojek,yatim,1,1,layak,1
12658910,1,pns,lengkap,1,1,layak,0
5856460,5,buruh harian lepas,piatu,1,0,layak,1
6661105,3,ojek,lengkap,0,1,tidak layak,1
7354123,5,petani,lengkap,0,1,tidak layak,1
1486588,4,petani,yatim,0,0,tidak layak,1
1000000,3,petani,lengkap,1,1,layak,1
6959818,5,petani,lengkap,0,1,layak,1
1962886,1,pegawai swasta,lengkap,0,0,layak,0
12808364,1,tni/polri,lengkap,0,0,layak,0
8015889,2,pns,lengkap,1,0,layak,0
12631449,1,pns,lengkap,0,0,layak,0
5739619,2,ojek,yatim,1,0,tidak layak,1
9784769,2,asn,lengkap,0,0,layak,0
6711810,2,asn,lengkap,0,1,layak,0
5467135,2,pns,piatu,1,0,tidak layak,1
3858991,5,ojek,yatim,0,0,layak,1
18068038,8,buruh harian lepas,piatu,1,1,tidak layak,1
7907866,4,wiraswasta,cerai,0,1,tidak layak,1
2269404,1,pegawai swasta,lengkap,0,0,layak,0
5341849,4,buruh harian lepas,yatim,1,0,layak,1
12404690,9,buruh harian lepas,cerai,1,1,tidak layak,1
14234156,1,tni/polri,lengkap,1,0,layak,0
7675793,5,pns,cerai,0,1,layak,1
1500000,5,wiraswasta,lengkap,1,1,layak,1
5684471,1,pegawai swasta,lengkap,0,0,layak,0
11947309,6,buruh harian lepas,cerai,1,1,tidak layak,1
1120647,5,nelayan,piatu,0,1,tidak layak,1
2255408,2,asn,lengkap,0,0,layak,0
8557371,10,petani,piatu,1,1,tidak layak,1
860324,5,buruh,piatu,0,0,sangat tidak layak,1
18017637,2,wiraswasta,lengkap,0,0,layak,0
15052425,6,buruh harian lepas,cerai,1,1,tidak layak,1
2000000,2,buruh harian lepas,lengkap,1,1,layak,1
9489630,6,nelayan,yatim,1,1,tidak layak,1
14265865,8,ojek,cerai,1,1,tidak layak,1
7850274,2,petani,lengkap,0,0,layak,0
1370147,2,asn,lengkap,0,0,layak,0
14288647,1,pns,lengkap,1,0,layak,0
10272406,9,nelayan,cerai,1,1,tidak layak,1
14077031,2,wiraswasta,lengkap,0,0,layak,0
12464654,10,buruh harian lepas,cerai,1,1,tidak layak,1
1700000,3,petani,lengkap,1,1,layak,1
18145069,6,petani,yatim,1,1,tidak layak,1
3877220,3,buruh harian lepas,cerai,0,1,tidak layak,1
3500000,2,wiraswasta,lengkap,1,1,layak,1
1900000,2,petani,lengkap,1,1,layak,1
2384856,1,pegawai swasta,lengkap,0,0,layak,0
15361278,7,buruh harian lepas,piatu,1,1,tidak layak,1
15521590,6,buruh harian lepas,yatim,1,1,tidak layak,1
4320657,5,buruh harian lepas,piatu,0,1,layak,1
8210522,9,ojek,piatu,1,1,tidak layak,1
1631583,1,pns,lengkap,0,0,layak,0
1500000,3,wiraswasta,lengkap,1,1,layak,1
15816428,7,nelayan,yatim,1,1,tidak layak,1
1613445,1,pns,lengkap,0,0,layak,0
4040094,6,petani,cerai,1,0,layak,1
13669582,1,pns,lengkap,1,0,layak,0
5355717,4,pegawai swasta,cerai,0,0,tidak layak,0
1169347,2,pns,lengkap,0,0,layak,0
7357936,4,pegawai swasta,lengkap,0,1,tidak layak,1
1588409,3,irt,piatu,0,1,tidak layak,1
10149717,1,tni/polri,lengkap,0,0,layak,0
8465304,2,pns,lengkap,0,0,layak,0
3819346,5,pegawai swasta,cerai,1,0,tidak layak,1
7484405,2,wiraswasta,yatim,0,0,tidak layak,0
12153650,2,asn,lengkap,1,0,layak,0
4421818,4,ojek,lengkap,1,0,layak,1
1800000,3,wiraswasta,lengkap,1,1,layak,1
13807998,1,asn,lengkap,0,0,layak,0
10551788,1,wiraswasta,lengkap,0,1,layak,0
6309053,4,wiraswasta,yatim,1,1,tidak layak,1
9234671,8,buruh harian lepas,piatu,1,1,tidak layak,1
5340072,1,pns,lengkap,0,0,layak,0
1536224,2,pegawai swasta,lengkap,0,0,layak,0
11075034,3,pegawai swasta,lengkap,0,0,tidak layak,0
1802242,1,asn,lengkap,0,0,layak,0
3022948,2,asn,lengkap,0,0,layak,0
1103947,5,buruh,yatim,0,0,sangat tidak layak,1
1299864,2,pns,lengkap,0,0,layak,0
11605665,1,pns,lengkap,0,0,layak,0
5328780,2,pegawai swasta,lengkap,0,0,tidak layak,0
11755978,1,pns,lengkap,0,0,tidak layak,0
16653234,7,petani,yatim,1,1,tidak layak,1
16473956,1,asn,lengkap,0,0,layak,0
1704384,2,asn,lengkap,0,0,layak,0
8870765,7,kuli bangunan,piatu,1,1,tidak layak,1
3283960,2,pns,lengkap,0,0,layak,0
7642540,4,pegawai swasta,yatim,0,0,tidak layak,0
13617524,9,petani,yatim,1,1,tidak layak,1
3534804,4,petani,yatim,0,0,tidak layak,1
6525068,5,wiraswasta,piatu,0,0,tidak layak,0
1994246,1,asn,lengkap,0,0,layak,0
4413533,5,pns,yatim,0,0,layak,1
1594958,4,buruh,piatu,0,1,tidak layak,1
2000000,3,buruh harian lepas,lengkap,1,1,layak,1
13764162,10,buruh harian lepas,cerai,1,1,tidak layak,1
5732625,3,pegawai swasta,cerai,0,0,layak,0
2500000,5,petani,lengkap,1,1,layak,1
6383189,2,pegawai swasta,piatu,1,1,tidak layak,1
9891119,8,petani,yatim,1,1,tidak layak,1
9773803,10,buruh harian lepas,cerai,1,1,tidak layak,1
1392294,6,irt,piatu,0,1,tidak layak,1
9251237,1,tni/polri,lengkap,0,0,tidak layak,0
11971293,1,pegawai swasta,lengkap,1,0,layak,0
2203498,1,pegawai swasta,lengkap,0,0,layak,0
7652591,1,asn,lengkap,1,1,layak,0
7668788,2,pns,yatim,0,0,tidak layak,0
3364752,1,pns,lengkap,0,0,layak,0
8665672,8,buruh harian lepas,cerai,1,1,tidak layak,1
4103928,5,petani,lengkap,1,1,layak,1
775453,6,petani,piatu,0,0,sangat tidak layak,1
19392601,7,petani,cerai,1,1,tidak layak,1
2471300,2,pns,lengkap,0,0,layak,0
5486940,2,pegawai swasta,piatu,1,0,layak,1
8436466,1,pegawai swasta,lengkap,0,0,tidak layak,0
934201,3,buruh,yatim,0,1,tidak layak,1
2343501,1,pegawai swasta,lengkap,0,0,layak,0
5371049,6,petani,piatu,0,1,tidak layak,1
8616497,1,pns,lengkap,0,0,layak,0
5926493,4,wiraswasta,piatu,0,1,tidak layak,1
17126930,1,pns,lengkap,0,0,layak,0
1500000,3,wiraswasta,lengkap,1,1,layak,1
3996692,2,pegawai swasta,piatu,1,1,layak,1
10395785,3,pns,lengkap,0,0,tidak layak,0
17592955,1,tni/polri,lengkap,0,0,layak,0
4243238,1,pegawai swasta,cerai,0,0,tidak layak,0
7370318,2,wiraswasta,yatim,0,0,tidak layak,0
500000,6,petani,lengkap,1,1,layak,1
658865,3,buruh,yatim,0,0,tidak layak,1
7821334,3,buruh harian lepas,cerai,0,0,layak,0
5168180,3,buruh harian lepas,piatu,1,0,tidak layak,1
3198584,1,pegawai swasta,lengkap,0,0,layak,0
1240592,1,pegawai swasta,lengkap,0,0,layak,0
13762338,10,nelayan,yatim,1,1,tidak layak,1
9358147,1,pns,lengkap,1,0,layak,0
6189236,1,tni/polri,lengkap,0,1,layak,0
1933894,4,irt,yatim piatu,0,1,tidak layak,1
2975132,1,pns,lengkap,0,0,layak,0
18012907,10,buruh harian lepas,piatu,1,1,tidak layak,1
16813509,6,buruh harian lepas,piatu,1,1,tidak layak,1
12903981,3,wiraswasta,lengkap,1,1,layak,0
1200000,3,petani,lengkap,1,1,layak,1
1000000,4,petani,lengkap,1,1,layak,1
10582975,7,buruh harian lepas,cerai,1,1,tidak layak,1
6516305,5,wiraswasta,yatim,0,0,tidak layak,1
3000000,3,petani,lengkap,1,1,layak,1
4664324,5,ojek,cerai,1,0,tidak layak,1
12498574,1,pns,lengkap,0,0,layak,0
1276532,1,pegawai swasta,lengkap,0,0,layak,0
7890245,6,wiraswasta,lengkap,0,1,layak,1
6149752,5,petani,lengkap,0,0,tidak layak,1
1500000,2,wiraswasta,lengkap,1,1,layak,1
10265813,1,asn,lengkap,0,0,tidak layak,0
11031241,9,buruh harian lepas,piatu,1,1,tidak layak,1
4382319,2,wiraswasta,cerai,0,0,layak,0
5357055,5,wiraswasta,cerai,0,0,layak,0
9459454,2,asn,lengkap,0,1,layak,0
15927201,10,nelayan,piatu,1,1,tidak layak,1
17736598,10,kuli bangunan,cerai,1,1,tidak layak,1
6838164,2,buruh harian lepas,piatu,1,0,tidak layak,1
7858273,2,pegawai swasta,piatu,0,1,tidak layak,1
3523186,6,buruh harian lepas,lengkap,1,0,layak,1
11375739,2,tni/polri,lengkap,1,0,layak,0
5200176,6,petani,yatim,1,1,tidak layak,1
4657719,3,wiraswasta,piatu,0,1,layak,1
6609319,1,asn,lengkap,1,1,layak,0
5232503,5,pns,lengkap,0,1,layak,1
9137665,2,wiraswasta,lengkap,0,0,layak,0
1000000,2,wiraswasta,lengkap,1,1,layak,1
2917958,2,pegawai swasta,lengkap,0,0,layak,0
16295904,8,ojek,yatim,1,1,tidak layak,1
12843754,10,buruh harian lepas,piatu,1,1,tidak layak,1
6354058,2,pegawai swasta,lengkap,1,0,layak,0
6799103,5,petani,cerai,0,1,tidak layak,1
19959057,6,nelayan,cerai,1,1,tidak layak,1
2981310,2,asn,lengkap,0,0,layak,0
5713062,3,buruh harian lepas,yatim,1,1,tidak layak,1
18390427,6,nelayan,piatu,1,1,tidak layak,1
5127099,4,wiraswasta,lengkap,0,0,layak,0
9024908,1,wiraswasta,lengkap,0,1,layak,0
16565663,9,nelayan,cerai,1,1,tidak layak,1
5883653,5,buruh harian lepas,lengkap,0,1,layak,1
8359948,2,pns,lengkap,1,0,layak,0
6154037,1,wiraswasta,lengkap,0,0,layak,0
6707168,2,pns,cerai,0,1,layak,1
6233499,2,ojek,yatim,1,1,layak,1
650228,3,petani,piatu,0,1,layak,1
1752618,2,pns,lengkap,0,0,layak,0
4817035,6,ojek,piatu,1,1,tidak layak,1
4630267,2,wiraswasta,cerai,0,1,tidak layak,1
12520617,10,kuli bangunan,cerai,1,1,tidak layak,1
7333638,2,pegawai swasta,cerai,0,1,layak,1
1500000,4,wiraswasta,lengkap,1,1,layak,1
1632397,3,petani,piatu,0,1,layak,1
9546166,6,nelayan,cerai,1,1,tidak layak,1
7500605,4,buruh harian lepas,yatim,1,0,tidak layak,1
8116811,2,pegawai swasta,lengkap,1,0,layak,0
1500000,1,wiraswasta,lengkap,1,1,layak,1
3299509,2,pegawai swasta,lengkap,0,0,layak,0
17439719,1,pns,lengkap,0,0,layak,0
6441730,3,wiraswasta,piatu,1,1,layak,1
5097334,3,pns,piatu,1,0,layak,1
1198310,2,asn,lengkap,0,0,layak,0
5835936,3,ojek,yatim,1,0,tidak layak,1
11669460,2,pegawai swasta,lengkap,0,0,tidak layak,0
4808770,1,wiraswasta,lengkap,0,0,layak,0
2287064,1,asn,lengkap,0,0,layak,0
12498282,2,pns,lengkap,0,0,layak,0
4346397,3,petani,yatim,1,0,tidak layak,1
12920302,1,pegawai swasta,lengkap,1,0,layak,0
7644688,3,ojek,yatim,1,1,layak,1
8349703,2,pegawai swasta,lengkap,1,0,layak,0
4830060,6,petani,yatim,0,1,tidak layak,1
6298334,4,ojek,lengkap,0,0,tidak layak,1
1000000,3,petani,lengkap,1,1,layak,1
1560036,3,nelayan,yatim,0,1,tidak layak,1
7619369,6,pns,lengkap,1,0,tidak layak,1
13827405,2,pegawai swasta,lengkap,0,0,tidak layak,0
12035703,2,asn,lengkap,0,0,layak,0
7407411,6,wiraswasta,cerai,1,1,tidak layak,1
6563333,1,pns,lengkap,1,0,layak,0
11692877,2,tni/polri,lengkap,0,0,layak,0
19147371,8,buruh harian lepas,cerai,1,1,tidak layak,1
6079571,6,petani,piatu,0,0,layak,0
14722824,8,kuli bangunan,yatim,1,1,tidak layak,1
7272159,2,pegawai swasta,lengkap,1,0,tidak layak,1
3362587,2,asn,lengkap,0,0,layak,0
3938306,3,buruh harian lepas,cerai,0,1,layak,1
6330462,4,buruh harian lepas,lengkap,1,1,layak,1
14114890,2,pegawai swasta,lengkap,1,0,layak,0
4025837,3,wiraswasta,lengkap,0,1,layak,1
5257544,3,pegawai swasta,cerai,1,0,tidak layak,1
1351529,5,nelayan,yatim piatu,1,0,tidak layak,1
11081356,10,petani,piatu,1,1,tidak layak,1
1947306,4,buruh,yatim,0,1,layak,1
11633849,9,petani,yatim,1,1,tidak layak,1
13259213,6,petani,cerai,1,1,tidak layak,1
5682398,4,ojek,cerai,0,1,layak,1
1569742,5,petani,piatu,0,0,sangat tidak layak,1
19646842,9,buruh harian lepas,piatu,1,1,tidak layak,1
3082666,2,pegawai swasta,lengkap,0,0,layak,0
7927122,5,ojek,lengkap,1,0,layak,1
13479743,3,tni/polri,lengkap,0,0,tidak layak,0
1159408,2,asn,lengkap,0,0,layak,0
1168944,1,pns,lengkap,0,0,layak,0
5245060,5,buruh harian lepas,lengkap,0,0,tidak layak,0
4643419,1,wiraswasta,cerai,0,0,layak,0
11942260,6,buruh harian lepas,yatim,1,1,tidak layak,1
3600000,4,pns,lengkap,1,1,layak,1
10209517,1,pns,lengkap,1,0,layak,0
12188877,8,kuli bangunan,yatim,1,1,tidak layak,1
4675104,3,buruh harian lepas,lengkap,1,1,layak,1
14827246,2,pns,lengkap,1,1,layak,0
550839,3,buruh,piatu,1,0,tidak layak,1
9803121,1,tni/polri,lengkap,0,0,layak,0
10925959,2,tni/polri,lengkap,0,0,tidak layak,0
9002040,8,nelayan,cerai,1,1,tidak layak,1
2268750,2,pns,lengkap,0,0,layak,0
4978508,5,buruh harian lepas,piatu,0,1,layak,1
950013,5,buruh,piatu,0,1,tidak layak,1
4189017,4,buruh harian lepas,cerai,0,1,layak,1
9881809,1,pns,lengkap,1,0,layak,0
17091317,2,wiraswasta,lengkap,0,0,layak,0
17112286,8,nelayan,cerai,1,1,tidak layak,1
8009217,1,pns,lengkap,1,1,layak,0
4182278,3,wiraswasta,piatu,0,0,layak,0
2966692,2,pegawai swasta,lengkap,0,0,layak,0
3629712,3,pegawai swasta,yatim,1,1,tidak layak,1
2000000,3,buruh harian lepas,lengkap,1,1,layak,1
5761142,4,wiraswasta,yatim,1,0,tidak layak,1
19320488,10,kuli bangunan,piatu,1,1,tidak layak,1
1146428,1,pegawai swasta,lengkap,0,0,layak,0
6081508,2,ojek,cerai,1,0,tidak layak,1
1500000,2,buruh harian lepas,lengkap,1,1,layak,1
10121813,10,petani,cerai,1,1,tidak layak,1
12642096,8,ojek,cerai,1,1,tidak layak,1
1129544,5,irt,yatim,0,1,tidak layak,1
6340459,2,pegawai swasta,piatu,0,1,tidak layak,1
7857607,2,pegawai swasta,cerai,0,0,layak,0
1653358,1,pegawai swasta,lengkap,0,0,layak,0
14019136,7,kuli bangunan,piatu,1,1,tidak layak,1
8028027,9,buruh harian lepas,cerai,1,1,tidak layak,1
8945727,7,buruh harian lepas,piatu,1,1,tidak layak,1
2000000,4,buruh harian lepas,lengkap,1,1,layak,1
2575237,1,pns,lengkap,0,0,layak,0
5643374,3,pegawai swasta,cerai,1,0,layak,1
7249528,4,wiraswasta,piatu,0,1,tidak layak,1
12524602,1,pns,lengkap,1,0,layak,0
13353558,2,tni/polri,lengkap,0,0,layak,0
3241407,1,pegawai swasta,lengkap,0,0,layak,0
12552246,1,wiraswasta,lengkap,1,1,layak,0
3044678,2,asn,lengkap,0,0,layak,0
16898647,1,wiraswasta,lengkap,0,0,layak,0
14303162,2,tni/polri,lengkap,0,1,layak,0
4649127,2,wiraswasta,lengkap,0,0,layak,0
1000000,4,wiraswasta,lengkap,1,1,layak,1
1856938,1,pns,lengkap,0,0,layak,0
8160079,8,petani,cerai,1,1,tidak layak,1
16648574,6,petani,yatim,1,1,tidak layak,1
5014405,4,buruh harian lepas,yatim,1,0,tidak layak,1
15656120,7,buruh harian lepas,piatu,1,1,tidak layak,1
16995977,10,petani,piatu,1,1,tidak layak,1
11410339,8,petani,piatu,1,1,tidak layak,1
12779577,7,nelayan,yatim,1,1,tidak layak,1
1393920,2,pegawai swasta,lengkap,0,0,layak,0
5250810,1,pegawai swasta,cerai,0,0,layak,0
8717394,9,ojek,yatim,1,1,tidak layak,1
1667700,1,pegawai swasta,lengkap,0,0,layak,0
6622667,6,petani,yatim,1,0,layak,1
2500000,3,buruh harian lepas,lengkap,1,1,layak,1
8474091,7,ojek,piatu,1,1,tidak layak,1
14648851,3,pegawai swasta,lengkap,0,0,tidak layak,0
7168485,2,wiraswasta,piatu,0,1,layak,1
13559806,3,wiraswasta,lengkap,1,1,layak,0
18649887,6,ojek,cerai,1,1,tidak layak,1
1038554,2,asn,lengkap,0,0,layak,0
1097194,3,nelayan,piatu,0,0,sangat tidak layak,1
6353778,1,pns,lengkap,0,1,layak,0
2203778,2,pegawai swasta,lengkap,0,0,layak,0
4775294,4,pns,yatim,0,0,tidak layak,1
14437326,7,ojek,cerai,1,1,tidak layak,1
5146008,2,petani,yatim,0,0,layak,0
11892937,2,asn,lengkap,1,0,layak,0
1809295,6,buruh,yatim piatu,0,0,sangat tidak layak,1
4035591,6,wiraswasta,cerai,0,0,layak,1
1494844,5,petani,piatu,0,0,sangat tidak layak,1
5391269,4,pns,lengkap,0,1,tidak layak,1
19489661,10,ojek,piatu,1,1,tidak layak,1
5616034,3,ojek,piatu,0,0,layak,1
1732968,2,asn,lengkap,0,0,layak,0
1000000,1,buruh harian lepas,piatu,1,1,layak,1
17289823,6,ojek,yatim,1,1,tidak layak,1
1524432,2,asn,lengkap,0,0,layak,0
14919065,1,asn,lengkap,1,0,layak,0
5205456,5,wiraswasta,lengkap,1,1,layak,1
14515087,2,asn,lengkap,0,0,tidak layak,0
14484408,7,buruh harian lepas,piatu,1,1,tidak layak,1
4119436,2,buruh harian lepas,lengkap,1,1,layak,1
9556353,10,petani,cerai,1,1,tidak layak,1
6855713,1,asn,lengkap,1,1,layak,0
7946051,4,wiraswasta,piatu,1,0,tidak layak,1
5761125,5,ojek,lengkap,1,1,layak,1
6920373,5,pns,lengkap,0,1,layak,1
1721595,1,pegawai swasta,lengkap,0,0,layak,0
2393899,2,asn,lengkap,0,0,layak,0
1131320,5,petani,yatim,0,1,layak,1
5628450,2,pns,lengkap,0,0,layak,0
1363421,3,petani,yatim piatu,0,1,layak,1
4822140,2,pegawai swasta,yatim,0,0,tidak layak,1
9794563,3,asn,lengkap,0,0,tidak layak,0
555875,6,petani,yatim piatu,0,1,tidak layak,1
1896262,5,nelayan,yatim,1,0,tidak layak,1
4137456,3,wiraswasta,yatim,1,0,tidak layak,1
7855961,5,petani,lengkap,1,1,tidak layak,1
4481494,5,buruh harian lepas,cerai,0,0,tidak layak,1
6373572,5,pegawai swasta,cerai,0,1,tidak layak,1
388935,6,petani,yatim,1,0,tidak layak,1
17978577,2,tni/polri,lengkap,0,0,layak,0
19876464,1,pns,lengkap,0,0,layak,0
1624110,3,irt,yatim piatu,0,1,tidak layak,1
6113129,5,pns,lengkap,0,0,layak,0
2350994,2,pegawai swasta,lengkap,0,0,layak,0
3867837,2,petani,cerai,1,1,tidak layak,1
19791153,1,asn,lengkap,0,0,layak,0
3351271,3,pns,lengkap,0,0,layak,0
6396958,2,ojek,cerai,1,1,tidak layak,1
1500000,2,petani,lengkap,1,1,layak,1
13532947,8,petani,piatu,1,1,tidak layak,1
17696294,9,petani,piatu,1,1,tidak layak,1
11141873,3,pns,lengkap,0,0,tidak layak,0
3220606,1,pns,lengkap,0,0,layak,0
19597580,6,petani,piatu,1,1,tidak layak,1
8865770,10,nelayan,piatu,1,1,tidak layak,1
1500000,3,buruh harian lepas,lengkap,1,1,layak,1
3210611,1,pns,lengkap,0,0,layak,0
6507912,5,ojek,piatu,0,0,tidak layak,0
11420888,1,tni/polri,lengkap,0,0,layak,0
3000000,2,wiraswasta,lengkap,1,1,layak,1
4592183,6,petani,cerai,0,0,tidak layak,0
14178916,2,pns,lengkap,1,0,layak,0
15281765,10,petani,yatim,1,1,tidak layak,1
1758778,1,asn,lengkap,0,0,layak,0
1672385,2,asn,lengkap,0,0,layak,0
1041271,4,nelayan,piatu,0,1,layak,1
5395628,4,buruh harian lepas,cerai,1,0,tidak layak,1
729377,6,buruh,yatim,1,0,tidak layak,1
2566419,1,pns,lengkap,0,0,layak,0
11199461,1,asn,lengkap,0,0,layak,0
6932044,3,buruh harian lepas,piatu,1,0,layak,1
4897910,4,pegawai swasta,cerai,0,0,tidak layak,0
5181746,4,petani,cerai,0,0,layak,0
9402003,2,pns,lengkap,1,0,layak,0
3698351,4,ojek,lengkap,1,1,layak,1
11730861,6,nelayan,cerai,1,1,tidak layak,1
11887771,10,nelayan,piatu,1,1,tidak layak,1
10981694,1,asn,lengkap,0,0,layak,0
11301014,2,pns,lengkap,0,0,layak,0
1264692,2,pegawai swasta,lengkap,0,0,layak,0
16671179,10,ojek,yatim,1,1,tidak layak,1
518567,6,petani,yatim piatu,0,1,tidak layak,1
17411380,8,kuli bangunan,yatim,1,1,tidak layak,1
4233036,4,pegawai swasta,lengkap,0,1,layak,1
11460246,2,pns,lengkap,0,0,layak,0
541371,4,nelayan,piatu,1,0,tidak layak,1
12177941,10,kuli bangunan,piatu,1,1,tidak layak,1
1500000,6,petani,lengkap,1,1,layak,1
4309997,2,pegawai swasta,piatu,0,0,layak,1
9446758,3,asn,lengkap,0,0,tidak layak,0
17839853,8,kuli bangunan,yatim,1,1,tidak layak,1
16346564,6,nelayan,yatim,1,1,tidak layak,1
2276367,2,pns,lengkap,0,0,layak,0
3673488,4,pns,lengkap,1,1,layak,1
4003515,3,pns,lengkap,0,1,layak,1
19929040,9,petani,piatu,1,1,tidak layak,1
1527815,3,petani,yatim,0,0,tidak layak,1
15525518,6,buruh harian lepas,cerai,1,1,tidak layak,1
13083758,2,pns,lengkap,0,0,layak,0
16974689,8,buruh harian lepas,yatim,1,1,tidak layak,1
7126454,2,asn,lengkap,1,0,layak,0
13774823,2,wiraswasta,lengkap,0,1,layak,0
1400000,3,petani,lengkap,1,1,kurang layak,1
2343527,1,pegawai swasta,lengkap,0,0,layak,0
5513956,4,buruh harian lepas,yatim,1,1,layak,1
12847879,1,wiraswasta,lengkap,0,0,layak,0
11824018,2,pns,lengkap,1,0,layak,0
1316391,3,buruh,yatim,0,1,tidak layak,1
5047579,5,petani,lengkap,0,1,layak,1
9755202,10,ojek,yatim,1,1,tidak layak,1
1500000,3,buruh harian lepas,lengkap,1,1,layak,1
17303548,10,kuli bangunan,cerai,1,1,tidak layak,1
13549252,3,pns,lengkap,0,0,tidak layak,0
2444061,1,pns,lengkap,0,0,layak,0
6805412,6,pegawai swasta,cerai,1,0,layak,1
3792292,3,ojek,lengkap,1,0,layak,1
7677702,6,petani,cerai,0,0,tidak layak,1
8637379,2,tni/polri,lengkap,0,0,layak,0
15309226,8,kuli bangunan,piatu,1,1,tidak layak,1
984883,4,nelayan,yatim,0,0,tidak layak,1
5678737,2,pns,cerai,0,1,layak,1
1379696,2,pegawai swasta,lengkap,0,0,layak,0
8878515,8,buruh harian lepas,piatu,1,1,tidak layak,1
7951421,3,buruh harian lepas,yatim,0,0,tidak layak,0
12082695,2,tni/polri,lengkap,1,1,layak,0
8768702,3,pegawai swasta,lengkap,0,0,tidak layak,0
6612704,4,pns,yatim,0,0,layak,1
6565613,3,tni/polri,lengkap,1,1,layak,0
7388735,2,wiraswasta,cerai,1,0,layak,1
6167019,1,pns,lengkap,0,0,layak,0
14949420,2,wiraswasta,lengkap,0,0,layak,0
19267343,7,buruh harian lepas,cerai,1,1,tidak layak,1
6979408,6,buruh harian lepas,piatu,0,0,layak,0
19040687,6,buruh harian lepas,yatim,1,1,tidak layak,1
5770298,4,buruh harian lepas,piatu,1,1,layak,1
6698439,3,pns,cerai,0,0,tidak layak,0
8391379,2,pns,lengkap,0,0,layak,0
14297077,10,petani,yatim,1,1,tidak layak,1
2989830,1,asn,lengkap,0,0,layak,0
2000000,4,karyawan swasta,lengkap,1,1,layak,1
1756609,3,nelayan,yatim piatu,0,0,tidak layak,1
4706149,2,pns,lengkap,0,0,layak,0
2953663,1,pns,lengkap,0,0,layak,0
1500000,3,ketua rw,lengkap,1,1,layak,1
15258816,9,ojek,piatu,1,1,tidak layak,1
7717262,2,ojek,cerai,1,0,tidak layak,1
18215689,10,ojek,piatu,1,1,tidak layak,1
2204024,1,asn,lengkap,0,0,layak,0
3048088,1,asn,lengkap,0,0,layak,0
15466385,10,petani,piatu,1,1,tidak layak,1
6104102,5,ojek,piatu,0,0,layak,1
3791464,4,wiraswasta,cerai,0,1,layak,1
14612796,2,pns,lengkap,0,0,tidak layak,0
1000000,3,wiraswasta,lengkap,1,1,layak,1
19242552,1,wiraswasta,lengkap,0,0,layak,0
1973107,1,asn,lengkap,0,0,layak,0
2978405,2,pns,lengkap,0,0,layak,0
8044541,1,asn,lengkap,0,0,layak,0
8799031,2,pns,lengkap,0,0,layak,0
11760985,1,pns,lengkap,0,0,layak,0
3599252,2,pns,cerai,1,1,tidak layak,1
3000000,4,karyawan,lengkap,1,1,layak,1
7067839,2,petani,cerai,1,1,layak,1
6281565,1,tni/polri,lengkap,0,0,layak,0
2067432,2,pegawai swasta,lengkap,0,0,layak,0
14465914,2,tni/polri,lengkap,1,0,layak,0
4122396,5,wiraswasta,yatim,0,0,tidak layak,1
1068412,2,pegawai swasta,lengkap,0,0,layak,0
15241292,2,tni/polri,lengkap,0,0,layak,0
17743493,2,wiraswasta,lengkap,0,0,layak,0
1500000,3,guru,lengkap,1,1,layak,1
7943381,5,buruh harian lepas,cerai,1,0,layak,1
6676203,6,wiraswasta,cerai,1,0,layak,1
14999116,2,pns,lengkap,0,0,layak,0
500000,5,buruh harian lepas,lengkap,1,1,kurang layak,1
5793273,6,ojek,cerai,0,1,tidak layak,1
2536103,2,pegawai swasta,lengkap,0,0,layak,0
2031589,6,nelayan,yatim,0,1,layak,1
12783057,7,nelayan,piatu,1,1,tidak layak,1
577145,4,buruh,yatim,0,1,tidak layak,1
9850106,1,tni/polri,lengkap,0,0,layak,0
13741331,1,asn,lengkap,0,0,layak,0
15217648,7,nelayan,yatim,1,1,tidak layak,1
5480358,5,pegawai swasta,lengkap,0,1,tidak layak,1
6130420,3,petani,lengkap,1,1,layak,1
8987079,3,asn,lengkap,0,1,layak,0
6506980,2,pns,lengkap,0,0,layak,0
2347840,1,pns,lengkap,0,0,layak,0
5884159,2,wiraswasta,cerai,1,0,tidak layak,1
11385262,2,wiraswasta,lengkap,0,0,layak,0
13374292,1,pegawai swasta,lengkap,0,0,tidak layak,0
5550953,6,pegawai swasta,lengkap,0,1,tidak layak,1
16329186,7,nelayan,cerai,1,1,tidak layak,1
14663453,2,asn,lengkap,0,1,layak,0
4350000,2,karyawan swasta,lengkap,1,1,layak,1
5746092,5,wiraswasta,yatim,0,0,layak,0
2380302,2,pegawai swasta,lengkap,0,0,layak,0
7384411,5,pegawai swasta,yatim,1,0,tidak layak,1
4087302,6,pegawai swasta,piatu,1,0,layak,1
433044,3,nelayan,yatim,0,0,tidak layak,1
11492593,6,nelayan,yatim,1,1,tidak layak,1
935633,6,nelayan,yatim piatu,0,1,layak,1
11087050,6,kuli bangunan,cerai,1,1,tidak layak,1
17411844,2,asn,lengkap,0,0,layak,0
0,3,irt,cerai,1,1,layak,1
19004708,8,nelayan,piatu,1,1,tidak layak,1
5631452,1,tni/polri,lengkap,0,0,layak,0
8101519,1,tni/polri,lengkap,0,1,layak,0
8441853,2,pns,lengkap,1,0,layak,0
6927773,2,wiraswasta,piatu,1,0,layak,1
10821055,9,petani,yatim,1,1,tidak layak,1
1500000,3,petani,lengkap,1,1,layak,1
10105431,1,asn,lengkap,0,0,layak,0
6962163,2,tni/polri,lengkap,0,1,layak,0
1933983,5,petani,yatim,1,0,tidak layak,1
5633964,3,pns,yatim,0,1,tidak layak,1
5411827,5,pns,lengkap,0,0,tidak layak,1
4724048,4,petani,lengkap,1,0,tidak layak,1
4343729,6,ojek,lengkap,1,0,layak,1
9557880,8,ojek,yatim,1,1,tidak layak,1
13447480,7,nelayan,piatu,1,1,tidak layak,1
3117102,1,asn,lengkap,0,0,layak,0
2000000,1,petani,lengkap,1,1,layak,1
16335083,7,kuli bangunan,yatim,1,1,tidak layak,1
800000,3,buruh harian lepas,lengkap,1,1,layak,1
4315502,2,ojek,yatim,1,0,layak,1
2000000,5,wiraswasta,lengkap,1,1,layak,1
2442371,2,pegawai swasta,lengkap,0,0,layak,0
10660042,1,tni/polri,lengkap,0,0,tidak layak,0
12500484,10,kuli bangunan,yatim,1,1,tidak layak,1
1676427,2,pns,lengkap,0,0,layak,0
1500000,3,petani,lengkap,1,1,layak,1
1675224,2,pegawai swasta,lengkap,0,0,layak,0
3283348,2,pegawai swasta,lengkap,0,0,layak,0
6651092,5,wiraswasta,piatu,0,0,tidak layak,0
1300000,3,wiraswasta,lengkap,1,1,layak,1
6393794,3,petani,lengkap,0,1,layak,1
0,3,irt,yatim,1,1,layak,1
2750045,1,pegawai swasta,lengkap,0,0,layak,0
2457225,1,pns,lengkap,0,0,layak,0
1839875,4,petani,yatim piatu,0,0,sangat tidak layak,1
6108640,5,wiraswasta,cerai,1,0,tidak layak,1
7174695,5,pegawai swasta,yatim,1,1,layak,1
15663279,9,ojek,piatu,1,1,tidak layak,1
1500000,2,petani,lengkap,1,1,layak,1
5389651,2,petani,piatu,1,0,tidak layak,1
7226483,2,pegawai swasta,yatim,0,0,layak,0
1056085,4,buruh,yatim,0,0,sangat tidak layak,1
1922119,5,petani,yatim piatu,1,0,sangat tidak layak,1
8690860,8,nelayan,yatim,1,1,tidak layak,1
6378296,6,pns,lengkap,0,0,layak,1
1000000,6,karyawan swasta,lengkap,1,1,layak,1
4987718,4,ojek,cerai,1,0,tidak layak,1
3618364,2,wiraswasta,yatim,0,1,layak,1
5782019,1,asn,lengkap,0,0,layak,0
8522068,7,kuli bangunan,piatu,1,1,tidak layak,1
1500000,3,mekanik,lengkap,1,1,layak,1
11491505,1,asn,lengkap,1,0,layak,0
1500000,1,petani,lengkap,1,1,layak,1
4491206,4,ojek,cerai,0,0,layak,1
7009779,1,asn,lengkap,0,0,layak,0
1500000,3,buruh harian lepas,lengkap,1,1,layak,1
1682247,1,asn,lengkap,0,0,layak,0
2329930,4,nelayan,piatu,0,1,layak,1
6994204,4,petani,lengkap,0,0,tidak layak,1
3091340,1,pns,lengkap,0,0,layak,0
6880870,2,pns,cerai,1,1,tidak layak,1
18722787,7,nelayan,yatim,1,1,tidak layak,1
2000000,4,petani,lengkap,1,1,layak,1
421180,4,nelayan,yatim,0,0,sangat tidak layak,1
16912586,7,petani,piatu,1,1,tidak layak,1
1000000,1,wiraswasta,lengkap,1,1,layak,1
3917516,3,wiraswasta,yatim,1,0,tidak layak,1
1960782,1,pegawai swasta,lengkap,0,0,layak,0
1415746,5,irt,piatu,0,1,layak,1
2000000,3,buruh harian lepas,lengkap,1,1,kurang layak,1
14496282,10,petani,yatim,1,1,tidak layak,1
11455286,9,kuli bangunan,piatu,1,1,tidak layak,1
14666632,1,wiraswasta,lengkap,0,1,layak,0
2007379,4,buruh,yatim piatu,0,1,layak,1
3699725,2,petani,cerai,0,0,layak,0
9413025,2,pns,lengkap,0,1,layak,0
4917469,4,ojek,piatu,0,1,tidak layak,1
17024860,2,tni/polri,lengkap,0,0,layak,0
1621740,2,asn,lengkap,0,0,layak,0
7888565,4,petani,yatim,1,0,tidak layak,1
5342957,4,pegawai swasta,lengkap,1,1,layak,1
7226235,2,pns,lengkap,1,1,tidak layak,1
2676939,1,pegawai swasta,lengkap,0,0,layak,0
6405666,1,pegawai swasta,cerai,0,0,layak,0
7031922,6,ojek,yatim,0,0,tidak layak,1
3255955,2,pegawai swasta,lengkap,0,0,layak,0
4768142,1,pegawai swasta,cerai,0,0,tidak layak,0
1622002,5,nelayan,yatim piatu,0,0,tidak layak,1
7100718,2,wiraswasta,piatu,0,0,tidak layak,0
12012131,7,nelayan,piatu,1,1,tidak layak,1
8814017,3,pns,lengkap,0,0,layak,0
11170191,9,buruh harian lepas,piatu,1,1,tidak layak,1
7342754,2,buruh harian lepas,piatu,0,0,tidak layak,0
2699373,1,pegawai swasta,lengkap,0,0,layak,0
4072581,3,pns,cerai,0,1,layak,1
7131437,6,pns,lengkap,1,1,tidak layak,1
14482678,2,tni/polri,lengkap,0,0,layak,0
4936816,3,petani,piatu,0,1,tidak layak,1
6112871,2,buruh harian lepas,cerai,1,1,layak,1
12472030,6,buruh harian lepas,piatu,1,1,tidak layak,1
315681,4,petani,piatu,1,0,sangat tidak layak,1
5874012,3,pegawai swasta,lengkap,0,1,layak,1
4419086,3,pegawai swasta,lengkap,0,0,layak,0
1327137,2,asn,lengkap,0,0,layak,0
6765457,4,petani,yatim,0,0,tidak layak,0
9336911,2,tni/polri,lengkap,0,1,layak,0
4933449,4,ojek,yatim,0,0,layak,1
16558169,9,petani,piatu,1,1,tidak layak,1
8925081,1,tni/polri,lengkap,0,0,layak,0
1500000,2,buruh harian lepas,lengkap,1,1,layak,1
6700393,2,pns,piatu,1,0,layak,1
6017134,2,pegawai swasta,lengkap,0,0,tidak layak,0
1227149,1,pns,lengkap,0,0,layak,0
10930169,10,petani,piatu,1,1,tidak layak,1
13831981,2,tni/polri,lengkap,0,0,tidak layak,0
4703727,6,ojek,piatu,0,1,layak,1
1300000,3,petani,lengkap,1,1,layak,1
5136639,2,ojek,yatim,0,1,tidak layak,1
5569036,3,ojek,piatu,1,0,layak,1
9050400,10,petani,cerai,1,1,tidak layak,1
2267417,1,asn,lengkap,0,0,layak,0
9647713,7,kuli bangunan,piatu,1,1,tidak layak,1
9426575,3,pns,lengkap,1,1,layak,0
12101102,3,wiraswasta,lengkap,0,1,layak,0
10928948,2,asn,lengkap,0,0,layak,0
2111767,2,pns,lengkap,0,0,layak,0
16249973,2,tni/polri,lengkap,0,0,layak,0
3652929,2,petani,lengkap,1,1,tidak layak,1
8316490,2,pegawai swasta,lengkap,1,0,layak,0
1439501,5,nelayan,piatu,0,1,tidak layak,1
7353795,2,wiraswasta,yatim,1,0,layak,1
6242265,2,asn,lengkap,1,1,layak,0
11915352,10,nelayan,yatim,1,1,tidak layak,1
5938283,2,pns,lengkap,0,0,layak,0
2830216,2,pns,lengkap,0,0,layak,0
436720,4,nelayan,piatu,1,0,tidak layak,1
11760609,10,kuli bangunan,cerai,1,1,tidak layak,1
5255484,6,buruh harian lepas,yatim,0,1,tidak layak,1
11891030,2,pns,lengkap,0,0,layak,0
14070685,9,petani,piatu,1,1,tidak layak,1
8852178,1,tni/polri,lengkap,1,0,layak,0
837959,3,petani,piatu,1,0,tidak layak,1
18369101,6,kuli bangunan,cerai,1,1,tidak layak,1
4993101,5,buruh harian lepas,piatu,0,1,tidak layak,1
6700812,4,wiraswasta,yatim,0,1,tidak layak,1
7641001,2,petani,yatim,0,0,layak,0
8714618,8,kuli bangunan,piatu,1,1,tidak layak,1
1143563,3,buruh,yatim,0,0,sangat tidak layak,1
2900508,1,pegawai swasta,lengkap,0,0,layak,0
3595899,4,petani,lengkap,1,1,layak,1
3756893,2,wiraswasta,piatu,0,1,tidak layak,1
9398680,2,pns,lengkap,1,1,layak,0
4356316,5,buruh harian lepas,piatu,1,0,layak,1
8534208,7,buruh harian lepas,piatu,1,1,tidak layak,1
9802978,9,ojek,cerai,1,1,tidak layak,1
7643528,5,buruh harian lepas,lengkap,1,0,tidak layak,1
1531295,2,pns,lengkap,0,0,layak,0
5770666,2,buruh harian lepas,yatim,0,0,tidak layak,1
1853858,6,buruh,yatim piatu,1,0,sangat tidak layak,1
19128294,7,buruh harian lepas,cerai,1,1,tidak layak,1
7038027,2,wiraswasta,piatu,0,1,tidak layak,1
5955592,2,buruh harian lepas,cerai,0,1,tidak layak,1
1833862,1,pns,lengkap,0,0,layak,0
882148,3,petani,yatim,0,1,layak,1
822814,5,buruh,yatim,0,1,layak,1
19214682,6,petani,piatu,1,1,tidak layak,1
402397,3,petani,yatim piatu,1,0,sangat tidak layak,1
9251184,2,asn,lengkap,1,0,layak,0
4568368,4,petani,yatim,1,1,layak,1
1778098,2,asn,lengkap,0,0,layak,0
1000000,4,wiraswasta,lengkap,1,1,layak,1
3073347,1,pegawai swasta,lengkap,0,0,layak,0
7037229,5,buruh harian lepas,lengkap,1,0,tidak layak,1
11942032,6,buruh harian lepas,cerai,1,1,tidak layak,1
7468894,6,pns,lengkap,0,1,tidak layak,1
11726398,1,asn,lengkap,0,0,layak,0
14104332,3,tni/polri,lengkap,1,1,layak,0
12964361,6,petani,cerai,1,1,tidak layak,1
3685607,6,pegawai swasta,lengkap,0,0,layak,1
1425975,6,petani,piatu,1,0,tidak layak,1
4484430,2,ojek,piatu,1,0,layak,1
12470705,1,asn,lengkap,0,0,tidak layak,0
5837842,2,asn,lengkap,0,0,layak,0
4653642,3,wiraswasta,cerai,1,0,tidak layak,1
2849909,2,asn,lengkap,0,0,layak,0
999452,5,nelayan,yatim,0,0,sangat tidak layak,1
334946,3,nelayan,yatim,1,0,tidak layak,1
6596293,6,pns,yatim,0,1,tidak layak,1
12190034,2,asn,lengkap,1,1,layak,0
2600000,3,wiraswasta,lengkap,1,1,layak,1
3500000,1,wiraswasta,yatim,1,1,layak,1
7953324,2,ojek,yatim,0,1,tidak layak,1
4658496,2,petani,yatim,1,0,layak,1
12486540,8,nelayan,yatim,1,1,tidak layak,1
7588967,1,wiraswasta,lengkap,0,0,layak,0
2891164,1,pns,lengkap,0,0,layak,0
12085358,2,pns,lengkap,0,0,layak,0
1500000,3,petani,lengkap,1,1,layak,1
10579692,10,nelayan,piatu,1,1,tidak layak,1
2945496,1,pns,lengkap,0,0,layak,0
1000000,2,buruh harian lepas,lengkap,1,1,layak,1
1084539,6,petani,yatim,0,0,sangat tidak layak,1
14399695,1,wiraswasta,lengkap,0,0,layak,0
6648942,2,wiraswasta,lengkap,0,0,layak,0
7802239,3,ojek,piatu,1,1,tidak layak,1
15368916,10,ojek,piatu,1,1,tidak layak,1
750000,3,buruh harian lepas,lengkap,1,1,layak,1
6412161,2,buruh harian lepas,yatim,1,0,layak,1
1777747,1,pns,lengkap,0,0,layak,0
4846577,5,pegawai swasta,piatu,1,0,tidak layak,1
1433207,6,nelayan,piatu,1,0,sangat tidak layak,1
5158049,2,pegawai swasta,cerai,0,1,tidak layak,1
1994756,5,petani,piatu,0,0,tidak layak,1
4103561,2,ojek,cerai,1,1,layak,1
14379553,2,pns,lengkap,1,0,layak,0
11397137,2,pns,lengkap,0,0,tidak layak,0
12790298,1,pns,lengkap,1,1,layak,0
2646595,2,pegawai swasta,lengkap,0,0,layak,0
5572158,5,ojek,lengkap,0,0,tidak layak,1
6858203,4,pns,cerai,1,0,tidak layak,1
4296492,3,pns,lengkap,0,0,layak,0
7450177,1,wiraswasta,lengkap,1,1,layak,0
1500000,2,buruh harian lepas,lengkap,1,1,layak,1
2151502,6,nelayan,yatim piatu,0,1,tidak layak,1
2560772,1,asn,lengkap,0,0,layak,0
3000000,2,wiraswasta,lengkap,1,1,layak,1
4668320,4,pns,lengkap,1,1,layak,1
15378045,1,pns,lengkap,0,0,layak,0
1279483,3,nelayan,yatim,0,1,tidak layak,1
16390845,6,nelayan,yatim,1,1,tidak layak,1
6706884,6,petani,piatu,0,1,tidak layak,1
19104974,7,nelayan,piatu,1,1,tidak layak,1
9851046,2,pegawai swasta,lengkap,1,0,layak,0
12451359,9,buruh harian lepas,piatu,1,1,tidak layak,1
2000000,3,wiraswasta,lengkap,1,1,layak,1
3468750,2,pegawai swasta,lengkap,0,0,layak,0
632811,4,buruh,yatim piatu,1,0,tidak layak,1
5900485,3,pns,lengkap,0,1,tidak layak,1
9624517,9,petani,piatu,1,1,tidak layak,1
10069291,6,nelayan,cerai,1,1,tidak layak,1
14334989,6,buruh harian lepas,piatu,1,1,tidak layak,1
5142471,5,wiraswasta,cerai,0,0,layak,0
8972325,10,buruh harian lepas,yatim,1,1,tidak layak,1
620813,3,buruh,yatim,1,0,tidak layak,1
16989249,9,buruh harian lepas,cerai,1,1,tidak layak,1
5094971,3,ojek,yatim,0,1,layak,1
1797006,1,pns,lengkap,0,0,layak,0
8681237,3,pegawai swasta,lengkap,0,0,tidak layak,0
2143831,1,asn,lengkap,0,0,layak,0
2000000,1,petani,lengkap,1,1,kurang layak,1
10581136,9,kuli bangunan,yatim,1,1,tidak layak,1
16734369,9,petani,cerai,1,1,tidak layak,1
7897556,2,wiraswasta,cerai,0,1,layak,1
5112841,4,buruh harian lepas,yatim,1,0,layak,1
8537001,1,tni/polri,lengkap,1,0,layak,0
5018934,5,pegawai swasta,cerai,0,0,tidak layak,0
19040652,8,kuli bangunan,piatu,1,1,tidak layak,1
5491212,3,petani,piatu,1,1,tidak layak,1
14969023,2,tni/polri,lengkap,0,1,layak,0
1733870,1,pegawai swasta,lengkap,0,0,layak,0
3355783,2,asn,lengkap,0,0,layak,0
14497637,6,petani,cerai,1,1,tidak layak,1
8273607,7,ojek,yatim,1,1,tidak layak,1
5604666,3,wiraswasta,lengkap,0,0,tidak layak,0
1059752,2,pegawai swasta,lengkap,0,0,layak,0
2000000,1,karyawan swasta,lengkap,1,1,layak,1
2500000,6,petani,lengkap,1,1,layak,1
6762353,2,pns,piatu,1,1,layak,1
13289913,10,nelayan,cerai,1,1,tidak layak,1
11696347,1,pegawai swasta,lengkap,0,0,layak,0
19671855,6,kuli bangunan,cerai,1,1,tidak layak,1
14695313,6,kuli bangunan,yatim,1,1,tidak layak,1
14368582,2,asn,lengkap,0,1,layak,0
12237991,1,pns,lengkap,1,0,layak,0
2363366,1,pns,lengkap,0,0,layak,0
1967981,2,pegawai swasta,lengkap,0,0,layak,0
8399756,6,ojek,piatu,1,1,tidak layak,1
7804175,2,buruh harian lepas,yatim,1,1,tidak layak,1
7203656,1,asn,lengkap,0,0,layak,0
695248,5,nelayan,piatu,0,0,sangat tidak layak,1
2255620,2,pegawai swasta,lengkap,0,0,layak,0
15841528,7,petani,cerai,1,1,tidak layak,1
6696039,6,petani,piatu,1,1,layak,1
13530868,1,wiraswasta,lengkap,1,1,layak,0
759934,4,buruh,yatim piatu,0,0,sangat tidak layak,1
11566097,1,wiraswasta,lengkap,1,1,layak,0
4514113,6,pegawai swasta,cerai,0,0,layak,0
6049275,6,pns,piatu,0,0,layak,1
8071687,9,kuli bangunan,yatim,1,1,tidak layak,1
19328099,6,kuli bangunan,cerai,1,1,tidak layak,1
13920405,10,ojek,yatim,1,1,tidak layak,1
14010725,9,nelayan,piatu,1,1,tidak layak,1
7862331,6,wiraswasta,piatu,0,0,layak,1
11138535,3,wiraswasta,lengkap,0,0,layak,0
11382404,3,pns,lengkap,0,1,layak,0
3794430,4,petani,yatim,1,1,layak,1
2000000,2,wiraswasta,lengkap,1,1,layak,1
2000000,2,wiraswasta,lengkap,1,1,layak,1
5914554,4,pegawai swasta,cerai,0,1,tidak layak,1
1000000,3,petani,lengkap,1,1,layak,1
2995927,1,asn,lengkap,0,0,layak,0
4985700,2,pegawai swasta,cerai,0,0,layak,0
2888316,2,asn,lengkap,0,0,layak,0
6936133,2,pegawai swasta,piatu,0,1,tidak layak,1
4647558,6,pns,piatu,1,0,layak,1
1973865,2,pegawai swasta,lengkap,0,0,layak,0
2617234,1,asn,lengkap,0,0,layak,0
2500000,3,karyawan,lengkap,1,1,kurang layak,1
8502475,6,kuli bangunan,cerai,1,1,tidak layak,1
1764810,6,buruh,yatim,1,0,sangat tidak layak,1
1804508,2,pns,lengkap,0,0,layak,0
2095630,3,buruh,yatim piatu,0,1,tidak layak,1
14533368,2,tni/polri,lengkap,0,0,tidak layak,0
13466705,8,kuli bangunan,cerai,1,1,tidak layak,1
7681064,4,petani,cerai,1,1,layak,1
5539710,1,pns,lengkap,0,0,layak,0
4630178,6,petani,cerai,1,0,layak,1
2745847,2,pegawai swasta,lengkap,0,0,layak,0
3616151,2,pns,lengkap,0,1,layak,1
1500000,3,wiraswasta,lengkap,1,1,layak,1
4584400,6,pegawai swasta,yatim,1,0,tidak layak,1
6584806,4,ojek,cerai,1,1,layak,1
4750734,2,buruh harian lepas,cerai,0,0,tidak layak,0
12614923,1,pns,lengkap,0,0,layak,0
1500000,3,petani,lengkap,1,1,layak,1
1804114,2,asn,lengkap,0,0,layak,0
19095188,10,petani,piatu,1,1,tidak layak,1
6220715,5,wiraswasta,cerai,1,0,layak,1
9241446,2,pns,lengkap,0,0,tidak layak,0
7371154,2,ojek,lengkap,1,1,tidak layak,1
1134669,3,nelayan,piatu,0,1,tidak layak,1
1500000,3,wiraswasta,lengkap,1,1,layak,1
1272492,4,buruh,yatim piatu,0,0,sangat tidak layak,1
19192721,7,kuli bangunan,yatim,1,1,tidak layak,1
14895006,7,ojek,cerai,1,1,tidak layak,1
1000000,3,buruh harian lepas,lengkap,1,1,layak,1
5304787,6,petani,piatu,1,1,layak,1
1500000,2,petani,lengkap,1,1,layak,1
575035,4,irt,piatu,0,1,layak,1
10353896,7,kuli bangunan,cerai,1,1,tidak layak,1
10116394,9,kuli bangunan,yatim,1,1,tidak layak,1
11685058,1,asn,lengkap,1,0,layak,0
6549459,3,ojek,yatim,1,0,layak,1
2640346,2,pns,lengkap,0,0,layak,0
13314629,2,pegawai swasta,lengkap,0,0,tidak layak,0
3095294,1,pns,lengkap,0,0,layak,0
1300000,2,buruh harian lepas,lengkap,1,1,layak,1
7228251,5,ojek,piatu,0,0,layak,0
2955606,2,asn,lengkap,0,0,layak,0
2796461,2,asn,lengkap,0,0,layak,0
4044714,4,ojek,lengkap,1,0,layak,1
6217240,2,wiraswasta,lengkap,0,0,layak,0
1107802,5,nelayan,yatim,0,1,tidak layak,1
7412677,6,petani,yatim,1,1,layak,1
4352819,2,pns,cerai,0,0,tidak layak,0
9792476,7,buruh harian lepas,piatu,1,1,tidak layak,1
12167683,9,ojek,cerai,1,1,tidak layak,1
4903630,2,pegawai swasta,lengkap,0,0,tidak layak,0
12705960,1,asn,lengkap,0,0,layak,0
2874546,2,asn,lengkap,0,0,layak,0
15250815,6,kuli bangunan,piatu,1,1,tidak layak,1
2000000,2,buruh harian lepas,lengkap,1,1,layak,1
5065761,5,pegawai swasta,lengkap,0,1,layak,1
14059120,7,petani,piatu,1,1,tidak layak,1
4214133,4,pns,yatim,0,0,layak,1
3804873,3,pns,lengkap,0,1,layak,1
6989816,2,pns,yatim,0,0,layak,1
4178755,3,pegawai swasta,cerai,0,0,layak,0
11382800,3,wiraswasta,lengkap,0,1,layak,0
2000000,5,wiraswasta,lengkap,1,1,layak,1
3751202,1,pns,lengkap,0,0,layak,0
8539450,9,ojek,cerai,1,1,tidak layak,1
3300170,1,pegawai swasta,lengkap,0,0,layak,0
2500000,3,petani,lengkap,1,1,layak,1
712092,6,nelayan,yatim,1,0,sangat tidak layak,1
1573689,6,nelayan,piatu,0,1,layak,1
18963639,10,ojek,yatim,1,1,tidak layak,1
7654116,3,buruh harian lepas,cerai,1,0,layak,1
15739263,6,buruh harian lepas,yatim,1,1,tidak layak,1
7149678,2,buruh harian lepas,yatim,1,1,tidak layak,1
4283232,3,pegawai swasta,cerai,0,0,tidak layak,0
500000,1,buruh harian lepas,lengkap,1,1,layak,1
18541418,8,buruh harian lepas,piatu,1,1,tidak layak,1
1979631,1,pns,lengkap,0,0,layak,0
19507357,9,kuli bangunan,cerai,1,1,tidak layak,1
13906377,8,nelayan,cerai,1,1,tidak layak,1
1764793,2,pns,lengkap,0,0,layak,0
1421799,1,pns,lengkap,0,0,layak,0
17142934,10,petani,yatim,1,1,tidak layak,1
18157790,8,buruh harian lepas,piatu,1,1,tidak layak,1
5618558,6,pns,lengkap,1,0,layak,1
4652447,2,buruh harian lepas,lengkap,1,0,layak,1
14381021,1,asn,lengkap,1,1,layak,0
14724713,2,asn,lengkap,1,1,layak,0
8494103,8,petani,piatu,1,1,tidak layak,1
8663804,1,pegawai swasta,lengkap,1,0,layak,0
5488587,4,petani,yatim,0,1,tidak layak,1
5928718,1,pegawai swasta,lengkap,0,0,layak,0
5736879,3,buruh harian lepas,cerai,1,0,tidak layak,1
1971989,2,pegawai swasta,lengkap,0,0,layak,0
7435264,2,wiraswasta,cerai,0,0,tidak layak,0
2863918,2,pegawai swasta,lengkap,0,0,layak,0
2771049,2,pegawai swasta,lengkap,0,0,layak,0
10005988,7,ojek,piatu,1,1,tidak layak,1
4961840,3,ojek,yatim,1,0,tidak layak,1
1847951,5,buruh,piatu,0,1,tidak layak,1
8005845,9,kuli bangunan,yatim,1,1,tidak layak,1
1500000,3,petani,lengkap,1,1,layak,1
8048635,8,buruh harian lepas,piatu,1,1,tidak layak,1
1602762,1,pns,lengkap,0,0,layak,0
11623752,7,kuli bangunan,cerai,1,1,tidak layak,1
1307211,2,pegawai swasta,lengkap,0,0,layak,0
4469577,3,wiraswasta,yatim,0,0,tidak layak,1
13674357,6,kuli bangunan,piatu,1,1,tidak layak,1
6241372,4,pegawai swasta,yatim,0,0,tidak layak,0
8107545,2,pns,lengkap,0,1,layak,0
1000000,1,wiraswasta,lengkap,1,1,layak,1
5066149,4,pegawai swasta,cerai,0,0,tidak layak,0
7475609,5,wiraswasta,piatu,1,0,tidak layak,1
9251433,3,tni/polri,lengkap,0,1,layak,0
14854707,2,pns,lengkap,0,0,tidak layak,0
14683306,6,petani,cerai,1,1,tidak layak,1
1833769,3,nelayan,yatim piatu,0,1,tidak layak,1
1171436,6,buruh,yatim,1,0,tidak layak,1
7958283,3,pegawai swasta,yatim,1,1,layak,1
1968708,2,pns,lengkap,0,0,layak,0
800000,3,buruh harian lepas,lengkap,1,1,layak,1
14481902,1,pns,lengkap,1,1,layak,0
7286160,3,ojek,yatim,0,1,layak,1
2651101,2,pns,lengkap,0,0,layak,0
1525532,1,pegawai swasta,lengkap,0,0,layak,0
12614091,8,buruh harian lepas,yatim,1,1,tidak layak,1
18514580,2,pns,lengkap,0,0,layak,0
10666006,1,tni/polri,lengkap,0,1,layak,0
1507721,2,pns,lengkap,0,0,layak,0
1500000,1,buruh harian lepas,lengkap,1,1,layak,1
5660189,2,pegawai swasta,lengkap,1,1,layak,1
7006541,5,pegawai swasta,lengkap,1,0,layak,1
10727404,6,petani,yatim,1,1,tidak layak,1
7200385,2,wiraswasta,lengkap,0,0,layak,0
12001478,2,pegawai swasta,lengkap,0,0,tidak layak,0
1446090,2,pns,lengkap,0,0,layak,0
13627198,1,tni/polri,lengkap,1,0,layak,0
3000000,3,karyawan swasta,lengkap,1,1,layak,1
17632589,1,wiraswasta,lengkap,0,0,layak,0
5385348,4,wiraswasta,piatu,1,1,tidak layak,1
14086655,7,nelayan,yatim,1,1,tidak layak,1
5093834,5,ojek,yatim,1,1,tidak layak,1
14190801,7,ojek,piatu,1,1,tidak layak,1
